{
  "featureNames": [
    "elbowMin",
    "elbowMax",
    "bodyLineMin",
    "bodyLineMax",
    "tilt3dMin",
    "tilt3dMax",
    "bodyLineAtBottom",
    "tilt3dAtBottom"
  ],
  "mean": [
    80.93138189315796,
    152.4404377746582,
    154.8731524658203,
    174.56523895263672,
    1.0725214157113805,
    19.3609792137146,
    170.78460693359375,
    1.9683470412064343
  ],
  "scale": [
    11.946254437038897,
    5.759059840510068,
    28.8215892569071,
    5.579481003622481,
    1.263536838020189,
    10.95156236256622,
    10.27068776828852,
    1.5690463767269383
  ],
  "coef": [
    0.47659778594970703,
    -0.6638785004615784,
    1.270688533782959,
    0.052837178111076355,
    -0.9504337906837463,
    -0.9275007843971252,
    1.5773266553878784,
    -0.40962210297584534
  ],
  "intercept": -0.777527928352356
}