{"featureMean": [134.14260864257812, 169.76141357421875, 12.24034595489502], "featureStd": [26.908388137817383, 4.726747035980225, 5.882559299468994], "phases": {"top": [[145.2613067626953, 140.82054138183594, 14.042675971984863], [145.24476623535156, 141.3356475830078, 14.249966621398926], [146.61105346679688, 163.2848663330078, 11.98077392578125], [147.02175903320312, 163.30230712890625, 11.993114471435547], [152.9143829345703, 165.61717224121094, 16.74915885925293], [152.58616638183594, 165.9229278564453, 15.857917785644531], [153.69482421875, 169.79898071289062, 16.28803062438965], [153.609619140625, 169.87901306152344, 16.313451766967773], [153.5717010498047, 171.5851593017578, 15.802599906921387], [153.33729553222656, 170.59117126464844, 15.993151664733887], [150.51402282714844, 171.10853576660156, 16.03900718688965], [150.48207092285156, 171.17864990234375, 15.993715286254883], [152.6206817626953, 171.72422790527344, 15.885066986083984], [152.28793334960938, 171.55946350097656, 16.19234275817871], [152.77467346191406, 169.75973510742188, 16.434282302856445], [152.8548583984375, 169.77285766601562, 16.43647575378418], [153.41676330566406, 172.1307373046875, 16.025480270385742], [152.8963623046875, 171.3996124267578, 16.287202835083008], [152.67340087890625, 171.17391967773438, 15.771151542663574], [152.70849609375, 171.19334411621094, 15.792011260986328], [153.27008056640625, 172.48883056640625, 15.948476791381836], [153.2826690673828, 172.13189697265625, 15.985773086547852], [151.22561645507812, 170.1640167236328, 16.465782165527344], [151.23667907714844, 170.19454956054688, 16.445194244384766], [151.71865844726562, 167.04945373535156, 15.260003089904785], [152.29684448242188, 166.6743621826172, 15.283317565917969], [156.42494201660156, 166.23497009277344, 16.6751708984375], [156.51551818847656, 166.3284912109375, 16.65232276916504], [139.156982421875, 152.58282470703125, 17.548860549926758], [145.30213928222656, 156.17649841308594, 16.319141387939453], [142.4205322265625, 164.78721618652344, 14.699860572814941], [142.5218963623047, 164.7396240234375, 14.746298789978027], [156.55784606933594, 166.1642608642578, 17.979013442993164], [156.7138671875, 168.7481689453125, 17.12888526916504], [154.1097869873047, 171.13482666015625, 16.90412139892578], [154.18612670898438, 171.2476806640625, 16.892946243286133], [158.73001098632812, 165.6600341796875, 16.758434295654297], [157.2946014404297, 166.23294067382812, 16.85802459716797], [155.4712677001953, 169.0734100341797, 16.814403533935547], [155.3658905029297, 169.12388610839844, 16.787334442138672], [151.60397338867188, 165.18899536132812, 18.488718032836914], [151.86363220214844, 164.87442016601562, 17.896650314331055], [140.37832641601562, 170.63641357421875, 16.68950080871582], [140.3036346435547, 170.65789794921875, 16.688819885253906], [146.62681579589844, 168.147216796875, 18.476890563964844], [147.1515350341797, 168.26763916015625, 18.84724235534668], [140.98037719726562, 172.744873046875, 17.114530563354492], [139.84767150878906, 172.021728515625, 16.98754119873047], [148.0482940673828, 166.1034393310547, 18.08428382873535], [149.26016235351562, 166.19427490234375, 17.433002471923828], [139.40769958496094, 171.10888671875, 16.8603458404541], [139.31028747558594, 170.9508056640625, 16.90183448791504], [150.31617736816406, 163.7880859375, 18.271671295166016], [149.94541931152344, 165.61407470703125, 18.131900787353516], [140.78465270996094, 171.28961181640625, 16.96576690673828], [140.1883087158203, 171.470458984375, 16.994802474975586], [150.60858154296875, 164.70947265625, 17.950651168823242], [148.92625427246094, 168.1567840576172, 17.222936630249023], [139.54722595214844, 171.8367156982422, 16.405717849731445], [139.99490356445312, 171.70315551757812, 16.436580657958984], [151.67303466796875, 165.89193725585938, 17.550230026245117], [150.9418182373047, 167.5768280029297, 17.377946853637695], [140.7633819580078, 172.3350830078125, 18.078107833862305], [140.31581115722656, 172.37588500976562, 18.032508850097656], [146.0788116455078, 167.41505432128906, 17.932998657226562], [142.76922607421875, 169.18614196777344, 17.539478302001953], [140.79100036621094, 170.9805908203125, 16.635007858276367], [140.6082000732422, 171.06295776367188, 16.57636260986328], [147.02403259277344, 169.2541961669922, 18.111055374145508], [147.00741577148438, 166.36485290527344, 18.293746948242188], [140.43687438964844, 172.15701293945312, 17.049837112426758], [140.42506408691406, 171.94525146484375, 16.948177337646484], [144.04550170898438, 166.3719482421875, 16.951351165771484], [144.4688720703125, 167.14576721191406, 17.01317024230957], [143.48056030273438, 170.9119873046875, 18.883258819580078], [143.67901611328125, 170.7749786376953, 18.850616455078125], [143.0981903076172, 165.7130889892578, 21.682710647583008], [144.98812866210938, 167.2878875732422, 20.60547637939453], [140.49656677246094, 173.87322998046875, 17.74502182006836], [140.1120147705078, 174.3351287841797, 17.766756057739258], [150.60006713867188, 167.39830017089844, 19.16332244873047], [147.63180541992188, 169.50033569335938, 18.886821746826172], [143.5098876953125, 173.2563934326172, 18.83005714416504], [143.51531982421875, 173.31069946289062, 18.82421875], [149.41114807128906, 161.13104248046875, 22.298112869262695], [149.99972534179688, 166.72274780273438, 20.17501449584961], [143.5308837890625, 172.9337158203125, 19.01235580444336], [143.43862915039062, 173.2752685546875, 19.068462371826172], [144.2986602783203, 162.15545654296875, 14.494142532348633], [143.80027770996094, 162.80563354492188, 13.893442153930664], [149.9412384033203, 166.4993438720703, 14.955726623535156], [149.88624572753906, 166.05747985839844, 15.02133560180664], [150.14390563964844, 165.9505615234375, 14.869935989379883], [148.78936767578125, 165.53892517089844, 15.36103630065918], [148.62684631347656, 165.73866271972656, 15.205819129943848], [148.664306640625, 165.73483276367188, 15.184576988220215], [147.5056915283203, 165.01544189453125, 14.653623580932617], [147.8319549560547, 165.23263549804688, 14.62909984588623], [149.86953735351562, 166.65110778808594, 15.118884086608887], [149.75852966308594, 166.11790466308594, 15.256001472473145], [146.352783203125, 169.60147094726562, 13.603958129882812], [145.72048950195312, 168.97384643554688, 13.559645652770996], [146.69447326660156, 165.4073028564453, 13.549884796142578], [147.05467224121094, 165.13319396972656, 13.694890975952148], [138.5025177001953, 169.7680206298828, 10.88355541229248], [137.69129943847656, 169.40469360351562, 11.390680313110352], [145.1582794189453, 168.69110107421875, 13.529258728027344], [144.9068145751953, 168.6216583251953, 13.620675086975098], [150.1990966796875, 166.73431396484375, 14.291794776916504], [149.50396728515625, 167.4837646484375, 14.232171058654785], [146.5565185546875, 167.2880401611328, 13.408977508544922], [146.3622589111328, 167.3277587890625, 13.438436508178711], [145.97483825683594, 169.8975830078125, 13.069299697875977], [144.93377685546875, 168.488525390625, 13.511697769165039], [146.4288787841797, 167.18280029296875, 13.882685661315918], [146.3778533935547, 167.44696044921875, 13.887831687927246], [140.61427307128906, 170.75341796875, 13.674945831298828], [141.19961547851562, 171.7903289794922, 13.552720069885254], [142.7198028564453, 173.69041442871094, 12.15828800201416], [142.77108764648438, 173.70803833007812, 12.117581367492676], [142.68246459960938, 172.8817138671875, 12.51838207244873], [142.220458984375, 173.14276123046875, 12.079461097717285], [142.97573852539062, 173.25967407226562, 12.108991622924805], [143.02435302734375, 173.24948120117188, 12.183667182922363], [136.04872131347656, 172.7163848876953, 11.469503402709961], [136.74334716796875, 172.6873016357422, 11.724422454833984], [136.91773986816406, 175.17666625976562, 10.092223167419434], [136.93682861328125, 175.1533660888672, 10.109147071838379], [143.40921020507812, 170.58103942871094, 15.998335838317871], 